ligne_xlsx;classe;alliance;alliance_brut;auteurs;cd_hab;typologie;code_habref;nom_habref;ancre_cd_hab;ancre_typologie;ancre_code;corine_cd_hab;corine_code;corine_nom;corine_autres;eunis_cd_hab;eunis_code;eunis_nom;eunis_autres;hic_cd_hab;hic_code;hic_nom;cahiers_cd_hab;cahiers_code;cahiers_nom;condition_n2000
3;Charetea fragilis;Nitellion flexilis;Nitellion flexilis;W. Krause 1969;16480;PVF1;18.0.1.0.1;Nitellion flexilis;;;;9403;22.442;Tapis de Nitella;;10829;C1.142;Tapis de Nitella;;2757;3140;Eaux oligo-mésotrophes calcaires avec végétation benthique à Chara spp.;;;;
4;Charetea fragilis;Nitellion syncarpo-tenuissimae;Nitellion syncarpo-tenuissimae;Krause 1969;16481;PVF1;18.0.1.0.2;Nitellion syncarpo-tenuissimae;;;;9403;22.442;Tapis de Nitella;;10829;C1.142;Tapis de Nitella;;2757;3140;Eaux oligo-mésotrophes calcaires avec végétation benthique à Chara spp.;;;;
5;Charetea fragilis;Charion vulgaris;Charion vulgaris;Krause 1969;16483;PVF1;18.0.2.0.2;Charion vulgaris;;;;3950;22.44;Tapis immergés de Characées;;4834;C1.25;Tapis immergés de Charophytes des plans d'eau mésotrophes;C1.141;2757;3140;Eaux oligo-mésotrophes calcaires avec végétation benthique à Chara spp.;;;;
6;Charetea fragilis;Charion fragilis;"Charion fragilis (! Nommé ""Charion intermediae"" dans le catalogue des Habitats d'Ariège GC)";(Krause ex Krause & Lang 1977) Krause 1981;16482;PVF1;18.0.2.0.1;Charion fragilis;;;;3950;22.44;Tapis immergés de Characées;;4834;C1.25;Tapis immergés de Charophytes des plans d'eau mésotrophes;;2757;3140;Eaux oligo-mésotrophes calcaires avec végétation benthique à Chara spp.;;;;
8;Lemnetea minoris;Lemnion minoris;Lemnion minoris;O. Bolòs & Masclans 1955;16604;PVF1;37.0.1.0.1;Lemnion minoris;;;;3972;22.41;Végétations flottant librement;;4841;C1.32;Végétations flottant librement des plans d'eau eutrophes;;;;;8901;3150-3;Plans d'eau eutrophes avec dominance de macrophytes libres flottant à la surface de l'eau;"uniquement pour les végétations d'eaux stagnantes non
connectées à un cours d'eau"
9;Lemnetea minoris;Hydrocharition morsus-ranae;Hydrocharition morsus-ranae;Rübel ex Klika in Klika & Hadac 1944;16606;PVF1;37.0.1.0.3;Hydrocharition morsus-ranae;;;;3972;22.41;Végétations flottant librement;;4809;C1.22;Végétations flottant librement des plans d'eau mésotrophes;;2758;3150;Lacs eutrophes naturels avec végétation du Magnopotamion ou de l'Hydrocharition;;;;
11;Potametea pectinati;Potamion polygonifolii;Potamion polygonifolii;;16381;PVF1;55.0.1.0.3;Potamion polygonifolii;;;;9401;22.433;Groupements oligotrophes de Potamots;;10822;C1.131;Communautés des eaux oligotrophes à Potamots;;2767;3260;Rivières des étages planitiaire à montagnard avec végétation du Ranunculion fluitantis et du Callitricho-Batrachion;;;;
12;Potametea pectinati;Batrachion fluitantis;Batrachion fluitantis;Neuhäusl 1959;16383;PVF1;55.0.1.0.5;Batrachion fluitantis;;;;1215;22.4;Végétations aquatiques;24.4;586;C1;Eaux dormantes de surface;C2;2767;3260;Rivières des étages planitiaire à montagnard avec végétation du Ranunculion fluitantis et du Callitricho-Batrachion;;;;
13;Potametea pectinati;Ranunculion aquatilis;Ranunculion aquatilis;"H. Passarge ex Theurillat in Theurillat, Mucina & Hájek 2015
Mucina & Hájek 2015
Mucina & Hájek 2015";16382;PVF1;55.0.1.0.4;Ranunculion aquatilis;;;;9424;22.432;Communautés flottantes des eaux peu profondes;;17546;C1.3411;Communautés des eaux peu profondes à Ranunculus;;;;;;;;
14;Potametea pectinati;Potamion pectinati;Potamion pectinati;(W. Koch 1926) Libbert 1931;16380;PVF1;55.0.1.0.2;Potamion pectinati;;;;9421;22.421;Groupements de grands Potamots;;10843;C1.231;Formations à grands Potamots;;2758;3150;Lacs eutrophes naturels avec végétation du Magnopotamion ou de l'Hydrocharition;;;;
15;Potametea pectinati;Nymphaeion albae;Nymphaeion albae;Oberdorfer 1957;16379;PVF1;55.0.1.0.1;Nymphaeion albae;;;;9423;22.431;Tapis flottant de végétaux à grandes feuilles;;10846;C1.241;Formations flottantes à larges feuilles;;;;;;;;
17;Bidentetea tripartitae;Bidention tripartitae;Bidention tripartitae;Nordhagen 1940;16662;PVF1;11.0.1.0.1;Bidention tripartitae;;;;3944;22.33;Groupements à Bidens tripartitus;24.52;5016;C3.52;Communautés à Bidens (des rives des lacs et des étangs);C3.53;2768;3270;Rivières avec berges vaseuses avec végétation du Chenopodion rubri p.p. et du Bidention p.p.;;;;pp
18;Bidentetea tripartitae;Chenopodion rubri;Chenopodion rubri;(Tüxen ex Poli & J. Tüxen 1960) Kopecky 1969;16663;PVF1;11.0.1.0.2;Chenopodion rubri;;;;3965;24.52;Groupements euro-sibériens annuels des vases fluviatiles;;5017;C3.53;Communautés eurosibériennes annuelles des vases fluviatiles;;2768;3270;Rivières avec berges vaseuses avec végétation du Chenopodion rubri p.p. et du Bidention p.p.;;;;
20;Juncetea bufonii;Radiolion linoidis;Radiolion linoidis;W. Pietsch 1973;16593;PVF1;34.0.3.0.1;Radiolion linoidis;;;;9400;22.323;Communautés naines à Juncus bufonius;;10995;C3.513;Communautés naines à Jonc des crapauds;;;;;;;;
21;Juncetea bufonii;Nanocyperion flavescentis;Nanocyperion flavescentis;(W. Koch 1926) Libbert 1932;16594;PVF1;34.0.3.0.2;Nanocyperion flavescentis;;;;16863;22.3233;Communautés d'herbes naines des substrats humides;;17586;C3.4219;Gazons ras méditerranéens à Scirpus;C3.513;2756;3130;Eaux stagnantes, oligotrophes à mésotrophes avec végétation des Littorelletea uniflorae et/ou des Isoeto-Nanojuncetea;;;;
22;Juncetea bufonii;Centaurio pulchelli-Blackstonion perfoliatae;Centaurio pulchelli-Blackstonion perfoliatae;(Müller-Stoll et W. Pietsch 1965) B. Foucault 1988;16694;PVF2;;Centaurio pulchelli - Blackstonion perfoliatae;;;;16863;22.3233;Communautés d'herbes naines des substrats humides;;10995;C3.513;Communautés naines à Jonc des crapauds;;;;;;;;
24;Littorelletea uniflorae;Elodo palustris-Sparganion;Elodo palustris-Sparganion;Braun-Blanq. et Tüxen ex Oberd. 1957;16609;PVF1;38.0.1.0.3;Elodo palustris-Sparganion;;;;9395;22.313;Gazons des bordures d'étangs acides en eaux peu profondes;;4972;C3.41;Communautés amphibies vivaces eurosibériennes;;2756;3130;Eaux stagnantes, oligotrophes à mésotrophes avec végétation des Littorelletea uniflorae et/ou des Isoeto-Nanojuncetea;;;;
25;Littorelletea uniflorae;Littorellion uniflorae;Littorellion uniflorae;Koch 1926;16607;PVF1;38.0.1.0.1;Littorellion uniflorae;;;;3941;22.31;Communautés amphibies pérennes septentrionales;;10922;C3.411;Pelouses à Littorelle, étangs à Lobélie, gazons à Isoète;;2756;3130;Eaux stagnantes, oligotrophes à mésotrophes avec végétation des Littorelletea uniflorae et/ou des Isoeto-Nanojuncetea;;;;
26;Littorelletea uniflorae;Subularion aquaticae;Subularion aquaticae;Hadàč 1971;;;;;1204;CORINE_biotopes;22.3;1204;22.3;Communautés amphibies;;1672;C3.4;Végétations à croissance lente, pauvres en espèces, du bord des eaux ou amphibies;;2756;3130;Eaux stagnantes, oligotrophes à mésotrophes avec végétation des Littorelletea uniflorae et/ou des Isoeto-Nanojuncetea;;;;
28;Glycerio fluitantis-Nasturtietea officinalis;Glycerio fluitantis-Sparganion neglecti;Glycerio fluitantis-Sparganion neglecti;Braun-Blanq. & Sissingh in Boer 1942;16578;PVF1;30.0.1.0.1;Glycerio fluitantis-Sparganion neglecti;;;;1333;53.4;Bordures à Calamagrostis des eaux courantes;;10991;C3.251;Glycériaies;;;;;;;;
29;Glycerio fluitantis-Nasturtietea officinalis;Apion nodiflori;Apion nodiflori;Segal in Westhoff & den Held 1969;16579;PVF1;30.0.1.0.2;Apion nodiflori;;;;4335;53.14;Roselières basses;;5011;C3.24;Communautés non-graminoïdes de moyenne-haute taille bordant l'eau;;;;;;;;
31;Montio fontanae-Cardaminetea amarae;Cardamino amarae-Montion fontanae;Cardamino amarae-Montion fontanae;Braun-Blanq. 1925;16639;PVF1;43.0.2.0.3;Cardamino amarae-Montion fontanae;;;;10089;54.112;Sources à Cardamines;54.111;4776;C2.11;Sources d'eau douce;D2.2|D2.2;;;;;;;
32;Montio fontanae-Cardaminetea amarae;Cratoneurion commutati;Cratoneurion commutati;Koch 1928;16638;PVF1;43.0.2.0.2;Cratoneurion commutati;;;;10097;54.121;Cônes de tufs;;10813;C2.121;Sources pétrifiantes avec formations de tuf ou de travertins;;2778;7220;Sources pétrifiantes avec formation de travertins (Cratoneurion);;;;
33;Montio fontanae-Cardaminetea amarae;Lysimachio nemorum-Saxifragion hirsutae;Lysimachio nemorum-Saxifragion hirsutae;B.Foucault 2018;;;;;10089;CORINE_biotopes;54.112;10089;54.112;Sources à Cardamines;;1704;D2.2;Bas-marais oligotrophes et tourbières des sources d'eau douce;;;;;;;;
34;Montio fontanae-Cardaminetea amarae;Caricion remotae;Caricion remotae;M.Kästner 1942;16636;PVF1;43.0.1.0.4;Caricion remotae;;;;10089;54.112;Sources à Cardamines;;1704;D2.2;Bas-marais oligotrophes et tourbières des sources d'eau douce;;;;;;;;
35;;Arabidion soyeri;Arabidion soyeri;Julve ex B.Foucault 2018;;;;;10088;CORINE_biotopes;54.111;10088;54.111;Sources d'eaux douces à Bryophytes;;4781;C2.12;Sources d'eau dure;D2.2;;;;;;;
36;;Saxifrago rotundifoliae – Violion biflorae;Saxifrago rotundifoliae – Violion biflorae;;;;;;4438;CORINE_biotopes;54.12;4438;54.12;Sources d'eaux dures;;4781;C2.12;Sources d'eau dure;;;;;;;;
37;Montio fontanae-Cardaminetea amarae;Pellion endiviifoliae;Pellion endiviifoliae;Bardat all. prov.;16634;PVF1;43.0.1.0.2;Pellion endiviifoliae;;;;4438;54.12;Sources d'eaux dures;;4781;C2.12;Sources d'eau dure;D4.1;2778;7220;Sources pétrifiantes avec formation de travertins (Cratoneurion);;;;
38;Montio fontanae-Cardaminetea amarae;Riccardio-Eucladion verticillati;Riccardio-Eucladion verticillati;Bardat all. prov.;;;;;4438;CORINE_biotopes;54.12;4438;54.12;Sources d'eaux dures;;4781;C2.12;Sources d'eau dure;D4.1;2778;7220;Sources pétrifiantes avec formation de travertins (Cratoneurion);;;;
40;Phragmito-Magnocaricetea;Phragmition communis;Phragmition communis;W.Koch 1926;16504;PVF1;51.0.1.0.1;Phragmition communis;;;;4343;53.11;Phragmitaies;53.12|53.13;17589;C3.2111;Phragmitaies des eaux douces;D5.11|C3.22|C3.231|D5.13|C3.23;;;;;;;
41;Phragmito-Magnocaricetea;Eleocharito palustris-Sagittarion sagittifoliae;Eleocharito palustris-Sagittarion sagittifoliae;H.Passarge 1964;;;;;10013;CORINE_biotopes;53.14A;10013;53.14A;Végétation à Eleocharis palustris;;5011;C3.24;Communautés non-graminoïdes de moyenne-haute taille bordant l'eau;;;;;;;;
42;Phragmito-Magnocaricetea;Magnocaricion elatae;Magnocaricion elatae;W.Koch 1926;16507;PVF1;51.0.2.0.1;Magnocaricion elatae;;;;17222;53.2122;Cariçaies à laîche des marais;;17720;D5.2122;Cariçaies à Laîche des marais;;;;;;;;
43;Phragmito-Magnocaricetea;Carici pseudocyperi-Rumicion hydrolapathi;Carici pseudocyperi-Rumicion hydrolapathi;H.Passarge 1964;16509;PVF1;51.0.2.0.3;Carici pseudocyperi-Rumicion hydrolapathi;;;;10031;53.213;Cariçaies à Carex riparia;;11149;D5.213;Cariçaies à Laîche des rives;;;;;;;;
45;Oxycocco palustris-Sphagnetea magellanici;Oxycocco palustris – Ericion tetralicis;Oxycocco palustris – Ericion tetralicis;Schwick. 1933;16655;PVF1;48.0.1.0.1;Oxycocco palustris-Ericion tetralicis;;;;10296;51.111;Buttes de Sphaignes colorées (bulten);;17595;D1.1111;Buttes à Sphaignes colorées (bulten);;;;;9114;7110-1;Végétation des tourbières hautes actives;
47;Scheuchzerio palustris-Caricetea fuscae;Rhynchosporion albae;Rhynchosporion albae;W.Koch 1926;16436;PVF1;64.0.1.0.1;Rhynchosporion albae;;;;10111;54.542;Pelouses à Carex limosa et Sphaignes;;11288;D2.342;Gazons à Laîche des bourbiers et Sphaignes;;2823;7140;Tourbières de transition et tremblantes;;;;
48;Scheuchzerio palustris-Caricetea fuscae;Caricion lasiocarpae;Caricion lasiocarpae;"Vanden Berghen in Lebrun, Noirfalise, 
Heinemann & Vanden Berghen 1949";16437;PVF1;64.0.1.0.2;Caricion lasiocarpae;;;;4468;54.59;Radeaux à Menyanthes trifoliata et Potentilla palustris;;5101;D2.39;Radeaux de Menyanthes trifoliata et de Potentilla palustris;;2823;7140;Tourbières de transition et tremblantes;;;;
49;Scheuchzerio palustris-Caricetea fuscae;Caricion fuscae;Caricion fuscae;W.Koch 1926;16438;PVF1;64.0.2.0.1;Caricion fuscae;;;;10058;54.424;Bas-marais acides pyrénéens à Laîche noire;54.452;11240;D2.224;Bas-marais acides pyrénéens à Laîche noire;D2.252;;;;;;;
50;Scheuchzerio palustris-Caricetea fuscae;Eriophorion scheuchzeri;Eriophorion scheuchzeri;Hadaþ 1939;16439;PVF1;64.0.2.0.2;Eriophorion scheuchzeri;;;;;;;;;;;;;;;;;;
51;Scheuchzerio palustris-Caricetea fuscae;Caricion davallianae;Caricion davallianae;Klika 1934;16441;PVF1;64.0.3.0.1;Caricion davallianae;;;;1359;54.2;Bas-marais alcalins (tourbières basses alcalines);;1712;D4.1;Bas-marais riches en bases, y compris les bas-marais eutrophes à hautes herbes, suintements et ruissellements calcaires;;2874;7230;Tourbières basses alcalines;;;;
53;Utricularietea intermedio-minoris;Sphagno cuspidati-Utricularion minoris;Sphagno cuspidati-Utricularion minoris;Th.Müll. & Görs 1960;16339;PVF1;73.0.1.0.1;Sphagno cuspidati-Utricularion minoris;;;;3951;22.45;Mares de tourbières à Sphaignes et Utriculaires;22.14;4798;C1.15;Communautés des plans d'eau oligotrophes à Sphaignes et Utricularia;;2759;3160;Lacs et mares dystrophes naturels;;;;
54;Utricularietea intermedio-minoris;Scorpidio scorpidioidis-Utricularion minoris;Scorpidio scorpidioidis-Utricularion minoris;"Pietsch ex Krausch 
1968";16340;PVF1;73.0.1.0.2;Scorpidio scorpidioidis-Utricularion minoris;;;;3951;22.45;Mares de tourbières à Sphaignes et Utriculaires;;4835;C1.26;Communautés des plans d'eau mésotrophes à Sphaignes et Utricularia;;2759;3160;Lacs et mares dystrophes naturels;;;;
56;Adianthetea capilli-veneris;Adiantion capilli-veneris;Adiantion capilli-veneris;Braun-Blanq. ex Horvatić 1934;16658;PVF1;1.0.1.0.1;Adiantion capilli-veneris;;;;4464;62.51;Falaises continentales humides méditerranéennes;;5723;H3.41;Falaises continentales humides méditerranéennes;;;;;;;;
58;Asplenietea trichomanis;Potentillion caulescentis;Potentillion caulescentis;"Braun-Blanq. in Braun-Blanq. & H.Jenny 
1926";16354;PVF1;8.0.3.0.3;Potentillion caulescentis;;;;10081;62.151;Falaises calcaires ensoleillées des Alpes;;12339;H3.251;Communautés héliophiles des falaises calcaires alpines;;2876;8210;Pentes rocheuses calcaires avec végétation chasmophytique;;;;
59;Asplenietea trichomanis;Saxifragion mediae;Saxifragion mediae;Braun-Blanq. in H.Meier & Braun-Blanq. 1934;16356;PVF1;8.0.3.0.5;Saxifragion mediae;;;;4413;62.12;Falaises calcaires des Pyrénées centrales;;5830;H3.22;Communautés chasmophytiques calcicoles des Pyrénées centrales;;2876;8210;Pentes rocheuses calcaires avec végétation chasmophytique;;;;
60;Asplenietea trichomanis;Asplenio trichomanis – Ceterachion officinarum;Asplenio trichomanis – Ceterachion officinarum;Ferrez 2009;;;;;10081;CORINE_biotopes;62.151;10081;62.151;Falaises calcaires ensoleillées des Alpes;;12339;H3.251;Communautés héliophiles des falaises calcaires alpines;;2876;8210;Pentes rocheuses calcaires avec végétation chasmophytique;;;;
61;Asplenietea trichomanis;Cystopteridion fragilis;Cystopteridion fragilis;J.L. Richard 1972;;;;;10082;CORINE_biotopes;62.152;10082;62.152;Falaises calcaires médio-européennes à Fougères;;12340;H3.252;Falaises calcaires médio-européennes à fougères;;2876;8210;Pentes rocheuses calcaires avec végétation chasmophytique;;;;
62;Asplenietea trichomanis;Violo biflorae-Cystopteridion alpinae;Violo biflorae-Cystopteridion alpinae;Fernández Casas 1970;16355;PVF1;8.0.3.0.4;Violo biflorae-Cystopteridion alpinae;;;;10082;62.152;Falaises calcaires médio-européennes à Fougères;;12340;H3.252;Falaises calcaires médio-européennes à fougères;;2876;8210;Pentes rocheuses calcaires avec végétation chasmophytique;;;;
63;Asplenietea trichomanis;Asplenion septentrionalis;Asplenion septentrionalis;Oberd. 1938;16357;PVF1;8.0.4.1.1;Asplenion septentrionalis;;;;10101;62.212;Falaises siliceuses hercyniennes;;12296;H3.112;Falaises siliceuses montagnardes et collinéennes hercynio-alpines;;2787;8220;Pentes rocheuses siliceuses avec végétation chasmophytique;;;;
64;Asplenietea trichomanis;Antirrhinion asarinae;Antirrhinion asarinae;"e (Braun-Blanq. in H.Meier et Braun-Blanq. 1934) 
Braun-Blanq., Roussine & Nègre 1952";16361;PVF1;8.0.4.1.5;Antirrhinion asarinae;;;;4452;62.26;Falaises siliceuses catalano-languedociennes;;5779;H3.16;Falaises siliceuses montagnardes péripyrénéennes;;2787;8220;Pentes rocheuses siliceuses avec végétation chasmophytique;;;;
65;Asplenietea trichomanis;Asplenion serpentini;Asplenion serpentini;Braun-Blanq. & Tüxen ex Eggler 1955;16362;PVF1;8.0.4.1.6;Asplenion serpentini;;;;10102;62.213;Falaises de serpentines hercyniennes;;12299;H3.113;Falaises de serpentine hercynio-alpines;;2787;8220;Pentes rocheuses siliceuses avec végétation chasmophytique;;;;
66;Asplenietea trichomanis;Androsacion vandellii;Androsacion vandellii;"Braun-Blanq. in Braun-Blanq. & H.Jenny 1926 
nom. corr.";16366;PVF1;8.0.4.2.4;Androsacion vandellii;;;;10096;62.211;Falaises siliceuses pyrénéo-alpiennes;;12295;H3.111;Falaises siliceuses médio-européennes de haute altitude;;2787;8220;Pentes rocheuses siliceuses avec végétation chasmophytique;;;;
68;Parietarietea judaicae;Centrantho rubri-Parietarion judaicae;Centrantho rubri-Parietarion judaicae;Rivas Mart. 1960;26389;PVF2;;Centrantho rubri - Parietarion judaicae;;;;1355;87.2;Zones rudérales;;5872;J1.31;Murs des vieilles villes;;;;;;;;
69;Parietarietea judaicae;Cymbalario muralis-Asplenion rutae-murariae;Cymbalario muralis-Asplenion rutae-murariae;Segal 1969;16497;PVF1;49.0.1.0.2;Cymbalario muralis-Asplenion rutae-murariae;;;;1355;87.2;Zones rudérales;;5872;J1.31;Murs des vieilles villes;;;;;;;;
71;Anogrammo leptophyllae-Polypodietea cambrici;Polypodion serrati;Polypodion serrati;Braun-Blanq. in Braun-Blanq. et al. 1952;16501;PVF1;5.0.1.0.3;Polypodion serrati;;;;17252;62.1115;Falaises méditerranéennes à Fougères;;18491;H3.2143;Falaises ouest-méditerranéennes à Polypode;;2876;8210;Pentes rocheuses calcaires avec végétation chasmophytique;;;;
73;Thlaspietea rotundifolii;Galeopsion segetum;Galeopsion segetum;Oberd. 1957;16326;PVF1;71.0.5.0.1;Galeopsion segetum;;;;4341;61.12;Eboulis siliceux des montagnes nordiques;;5863;H2.32;Éboulis siliceux médio-européens des hautes terres;;2781;8110;Éboulis siliceux de l'étage montagnard à nival (Androsacetalia alpinae et Galeopsietalia ladani);;;;
74;Thlaspietea rotundifolii;Stipion calamagrostis;Stipion calamagrostis;Jenny-Lips ex Quantin 1932;16318;PVF1;71.0.2.0.2;Stipion calamagrostis;;;;4367;61.31;Eboulis thermophiles péri-alpins;;5709;H2.61;Éboulis thermophiles périalpins;;2783;8130;Éboulis ouest-méditerranéens et thermophiles;;;;
75;Thlaspietea rotundifolii;Scrophularion juratensis;Scrophularion juratensis;Béguin ex J.L.Rich. 1971;16319;PVF1;71.0.2.0.3;Scrophularion juratensis;;;;17219;61.3122;Eboulis à Rumex scutatus;;12278;H2.612;Éboulis calcaires submontagnards;;2783;8130;Éboulis ouest-méditerranéens et thermophiles;;;;
76;Thlaspietea rotundifolii;Petasition paradoxi;Petasition paradoxi;Zollitsch ex W.Lippert 1966;16322;PVF1;71.0.3.0.3;Petasition paradoxi;;;;4376;61.34;Eboulis calcaires pyrénéens;;5727;H2.63;Éboulis calcaires pyrénéens;;2783;8130;Éboulis ouest-méditerranéens et thermophiles;;;;
77;Thlaspietea rotundifolii;Iberidion spathulatae;Iberidion spathulatae;Braun-Blanq. 1948;16323;PVF1;71.0.3.0.4;Iberidion spathulatae;;;;4376;61.34;Eboulis calcaires pyrénéens;;5727;H2.63;Éboulis calcaires pyrénéens;;2783;8130;Éboulis ouest-méditerranéens et thermophiles;;;;
78;Thlaspietea rotundifolii;Galeopsion pyrenaicae;Galeopsion pyrenaicae;Rivas Mart. 1977;16327;PVF1;71.0.5.0.2;Galeopsion pyrenaicae;;;;4375;61.33;Eboulis pyrénéo-alpiens siliceux thermophiles;;5880;H2.51;Éboulis pyrénéo-alpins siliceux thermophiles;;2781;8110;Éboulis siliceux de l'étage montagnard à nival (Androsacetalia alpinae et Galeopsietalia ladani);;;;
79;Thlaspietea rotundifolii;Senecionion leucophylli;Senecionion leucophylli;Braun-Blanq. 1948;16329;PVF1;71.0.6.0.2;Senecionion leucophylli;;;;4375;61.33;Eboulis pyrénéo-alpiens siliceux thermophiles;;5880;H2.51;Éboulis pyrénéo-alpins siliceux thermophiles;;2783;8130;Éboulis ouest-méditerranéens et thermophiles;;;;
80;Thlaspietea rotundifolii;Androsacion ciliatae;Androsacion ciliatae;Rivas-Martínez 1988;16324;PVF1;71.0.4.0.1;Androsacion ciliatae;;;;1300;61.1;Eboulis siliceux alpins et nordiques;;5847;H2.31;Éboulis siliceux alpins;;2781;8110;Éboulis siliceux de l'étage montagnard à nival (Androsacetalia alpinae et Galeopsietalia ladani);;;;
81;Thlaspietea rotundifolii;Dryopteridion abbreviatae;Dryopteridion abbreviatae;Rivas Mart. 1977;16331;PVF1;71.0.7.0.1;Dryopteridion abbreviatae;;;;10005;61.114;Eboulis siliceux et froids de blocailles;;12356;H2.314;Éboulis silicatés et froids à gros blocs;;2781;8110;Éboulis siliceux de l'étage montagnard à nival (Androsacetalia alpinae et Galeopsietalia ladani);;;;
82;Thlaspietea rotundifolii;Dryopteridion submontanae;Dryopteridion submontanae;"Rivas Mart., T.E.Diáz, F.Prieto, Loidi & 
Penas 1984";16332;PVF1;71.0.7.0.2;Dryopteridion submontanae;;;;17220;61.3123;Eboulis calcaires à Fougères;;18489;H2.6123;Éboulis calcaires à fougères;;2782;8120;Éboulis calcaires et de schistes calcaires des étages montagnard à alpin (Thlaspietea rotundifolii);;;;- 6
83;Thlaspietea rotundifolii;Epilobion fleischeri;Epilobion fleischeri;G.Braun-Blanq. ex Braun-Blanq. 1949;16333;PVF1;71.0.8.0.1;Epilobion fleischeri;;;;3969;24.22;Bancs de graviers végétalisés;;11023;C3.552;Habitats de graviers de cours d'eau montagnards;;2765;3220;Rivières alpines avec végétation ripicole herbacée;;;;
86;Artemisietea vulgaris;Onopordion acanthii;Onopordion acanthii;"Braun-Blanq.in Braun-Blanq., Gajewski, Wraber 
& Walas 1936";16471;PVF1;7.0.2.0.1;Onopordion acanthii;;;;508;87;Terrains en friche et terrains vagues;;1720;E5.1;Végétations herbacées anthropiques;;;;;;;;
87;Artemisietea vulgaris;Dauco carotae-Melilotion albi;Dauco carotae-Melilotion albi;Görs 1966;16472;PVF1;7.0.2.0.2;Dauco carotae-Melilotion albi;;;;508;87;Terrains en friche et terrains vagues;;1720;E5.1;Végétations herbacées anthropiques;;;;;;;;
88;Artemisietea vulgaris;Silybo mariani-Urticion piluliferae;Silybo mariani-Urticion piluliferae;"G.Sissingh ex Braun-Blanq. & 
O.Bolòs 1958";16474;PVF1;7.0.3.0.2;Silybo mariani-Urticion piluliferae;;;;508;87;Terrains en friche et terrains vagues;;1720;E5.1;Végétations herbacées anthropiques;;;;;;;;
90;Epilobietea angustifolii;Atropion belladonnae;Atropion belladonnae;Aichinger 1933;16528;PVF1;23.0.1.0.1;Atropion belladonnae;;;;9536;31.871;Clairières herbacées forestières;;12298;G5.842;Clairières à Bardane et Belladone;;;;;;;;
91;Epilobietea angustifolii;Epilobion angustifolii;Epilobion angustifolii;Oberd. 1957;16529;PVF1;23.0.1.0.2;Epilobion angustifolii;;;;9536;31.871;Clairières herbacées forestières;;12297;G5.841;Clairières à Épilobe et Digitale;;;;;;;;
93;Polygono arenastri-Poetea annuae;Polygono arenastri-Coronopodion squamat;Polygono arenastri-Coronopodion squamat;G.Sissingh 1969;;;;;1355;CORINE_biotopes;87.2;1355;87.2;Zones rudérales;;1720;E5.1;Végétations herbacées anthropiques;;;;;;;;
94;Polygono arenastri-Poetea annuae;Digitario sanguinalis-Polygonion avicularis;Digitario sanguinalis-Polygonion avicularis;B.Foucault 2010;16789;PVF2;;Digitario sanguinalis - Polygonion avicularis;;;;1355;87.2;Zones rudérales;;1720;E5.1;Végétations herbacées anthropiques;;;;;;;;
95;Polygono arenastri-Poetea annuae;Polycarpion tetraphylli;Polycarpion tetraphylli;Rivas Mart. 1975;16376;PVF1;53.0.1.0.3;Polycarpion tetraphylli;;;;1355;87.2;Zones rudérales;;1720;E5.1;Végétations herbacées anthropiques;;;;;;;;
96;Polygono arenastri-Poetea annuae;Euphorbion prostratae;Euphorbion prostratae;Rivas Mart. 1976;28413;PVF2;;Euphorbion prostratae;;;;1355;87.2;Zones rudérales;;1720;E5.1;Végétations herbacées anthropiques;;;;;;;;
98;Sisymbrietea officinalis;Hordeion leporinii;Hordeion leporinii;Braun-Blanq. ex Braun-Blanq. et al. 1947;;;;;508;CORINE_biotopes;87;508;87;Terrains en friche et terrains vagues;;1720;E5.1;Végétations herbacées anthropiques;;;;;;;;
99;Sisymbrietea officinalis;Sisymbrion officinalis;Sisymbrion officinalis;"Tüxen, W.Lohmeyer et Preising
in Tüxen ex von Rochow 1951";16453;PVF1;66.0.2.0.1;Sisymbrion officinalis;;;;508;87;Terrains en friche et terrains vagues;;1720;E5.1;Végétations herbacées anthropiques;;;;;;;;
100;Sisymbrietea officinalis;Malvion neglectae;Malvion neglectae;Hejný 1978;16454;PVF1;66.0.2.0.2;Malvion neglectae;;;;508;87;Terrains en friche et terrains vagues;;1720;E5.1;Végétations herbacées anthropiques;;;;;;;;
101;Sisymbrietea officinalis;Bromo-Hordeion murini;Bromo-Hordeion murini;Hejný 1978;16806;PVF2;;Bromo - Hordeion murini;;;;508;87;Terrains en friche et terrains vagues;;1720;E5.1;Végétations herbacées anthropiques;;;;;;;;
103;Stellarietea mediae;Scleranthion annui;Scleranthion annui;(Kruseman et Vlieger 1939) G. Sissingh in V. Westhoff et al. 1946;16461;PVF1;68.0.1.0.1;Scleranthion annui;;;;1325;82.3;Culture extensive;;1894;I1.3;Terres arables à monocultures extensives;;;;;;;;
104;Stellarietea mediae;Caucalidion lappulae;Caucalidion lappulae;Tüxen 1950 nom. nud.;16463;PVF1;68.0.2.0.1;Caucalidion lappulae;;;;1325;82.3;Culture extensive;;1894;I1.3;Terres arables à monocultures extensives;;;;;;;;
105;Stellarietea mediae;Diplotaxion erucoidis;Diplotaxion erucoidis;"Braun-Blanq. in Braun-Blanq., Gajewski, 
Wraber & Walas 1936";16465;PVF1;68.0.3.0.1;Diplotaxion erucoidis;;;;501;82;Cultures;;651;I1;Cultures et jardins maraîchers;;;;;;;;
106;Stellarietea mediae;Panico crus-galli-Setarion viridis;Panico crus-galli-Setarion viridis;"G.Sissingh in V.Westh., Dijk, 
Passchier & G.Sissingh 1946";16466;PVF1;68.0.3.0.2;Panico crus-galli-Setarion viridis;;;;501;82;Cultures;;651;I1;Cultures et jardins maraîchers;;;;;;;;
107;Stellarietea mediae;Veronico agrestis-Euphorbion peplus;Veronico agrestis-Euphorbion peplus;"G.Sissingh ex H.Passarge 
1964";16467;PVF1;68.0.3.0.3;Veronico agrestis-Euphorbion peplus;;;;501;82;Cultures;;651;I1;Cultures et jardins maraîchers;;;;;;;;
109;Agropyretea pungentis;Convolvulo arvensis – Agropyrion repentis;Convolvulo arvensis – Agropyrion repentis;Görs 1966;16490;PVF1;2.0.2.0.1;Convolvulo arvensis-Agropyrion repentis;;;;1354;87.1;Terrains en friche;;5852;I1.53;Jachères non inondées avec communautés rudérales annuelles ou vivaces;;;;;;;;
111;Cardaminetea hirsutae;Drabo muralis – Cardaminion hirsutae;Drabo muralis – Cardaminion hirsutae;;16675;PVF1;14.0.1.0.1;Drabo muralis-Cardaminion hirsutae;;;;;;;;1690;E1.6;Pelouses à annuelles subnitrophiles;;;;;;;;
112;Cardaminetea hirsutae;Geranio pusilli – Anthriscion caucalidis;Geranio pusilli – Anthriscion caucalidis;;16676;PVF1;14.0.1.0.2;Geranio pusilli-Anthriscion caucalidis;;;;;;;;1690;E1.6;Pelouses à annuelles subnitrophiles;;;;;;;;
115;Galio aparines-Urticetea dioicae;Aegopodion podagrariae;Aegopodion podagrariae;Tüxen 1967 nom. cons. Propos;16566;PVF1;29.0.1.0.1;Aegopodion podagrariae;;;;4271;37.72;Franges des bords boisés ombragés;;5234;E5.43;Lisières forestières ombragées;;2835;6430;Mégaphorbiaies hygrophiles d'ourlets planitiaires et des étages montagnard à alpin;;;;(pp si habitat linéaire)
116;Galio aparines-Urticetea dioicae;Geo urbani-Alliarion petiolatae;Geo urbani-Alliarion petiolatae;"W.Lohmeyer & Oberd. ex Görs & 
Th.Müll. 1969";16567;PVF1;29.0.1.0.2;Geo urbani-Alliarion petiolatae;;;;4271;37.72;Franges des bords boisés ombragés;;5234;E5.43;Lisières forestières ombragées;;2835;6430;Mégaphorbiaies hygrophiles d'ourlets planitiaires et des étages montagnard à alpin;;;;(pp si habitat linéaire)
117;Galio aparines-Urticetea dioicae;Arction lappae;Arction lappae;Tüxen 1937;16469;PVF1;7.0.1.0.1;Arction lappae;;;;508;87;Terrains en friche et terrains vagues;;1720;E5.1;Végétations herbacées anthropiques;;;;;;;;
118;Galio aparines-Urticetea dioicae;Rumicion pseudalpini;Rumicion pseudalpini;"Rübel ex Scharf. 1938 corr. Loidi & Biurrun 
1996";16470;PVF1;7.0.1.0.2;Rumicion pseudalpini;;;;4284;37.88;Communautés alpines à Patience alpine;;5241;E5.58;Communautés alpines à Rumex;;;;;;;;
119;Galio aparines-Urticetea dioicae;Impatienti noli-tangere-Stachyion sylvaticae;Impatienti noli-tangere-Stachyion sylvaticae;Görs ex Mucina in Mucina, Grabherr & Ellmauer 1993;16568;PVF1;29.0.2.0.1;Impatienti noli-tangere-Stachyion sylvaticae;;;;4271;37.72;Franges des bords boisés ombragés;;5234;E5.43;Lisières forestières ombragées;;2835;6430;Mégaphorbiaies hygrophiles d'ourlets planitiaires et des étages montagnard à alpin;;;;
120;Galio aparines-Urticetea dioicae;Violo rivinianae – Stellarion holosteae;Violo rivinianae – Stellarion holosteae;H. Passarge 1997;;;;;4271;CORINE_biotopes;37.72;4271;37.72;Franges des bords boisés ombragés;;5234;E5.43;Lisières forestières ombragées;;2835;6430;Mégaphorbiaies hygrophiles d'ourlets planitiaires et des étages montagnard à alpin;;;;
122;Filipendulo ulmariae-Convolvuletea sepium;Convolvulion sepium;Convolvulion sepium;Tüxen in Oberdorfer 1957;16560;PVF1;28.0.1.0.1;Convolvulion sepium;;;;4321;37.71;Voiles des cours d'eau;;5258;E5.41;Écrans ou rideaux rivulaires de grandes herbacées vivaces;;2835;6430;Mégaphorbiaies hygrophiles d'ourlets planitiaires et des étages montagnard à alpin;;;;
123;Filipendulo ulmariae-Convolvuletea sepium;Achilleo ptarmicae – Cirsion palustris;Achilleo ptarmicae – Cirsion palustris;Julve & Gillet ex B. Foucault 2011;16774;PVF2;;Achilleo ptarmicae - Cirsion palustris;;;;1268;37.1;Communautés à Reine des prés et communautés associées;;11323;E5.412;Mégaphorbiaies occidentales némorales rivulaires dominées par Filipendula;E5.421;2835;6430;Mégaphorbiaies hygrophiles d'ourlets planitiaires et des étages montagnard à alpin;;;;
124;Filipendulo ulmariae-Convolvuletea sepium;Dorycnio recti – Rumicion conglomerati;Dorycnio recti – Rumicion conglomerati;;16778;PVF2;;Dorycnio recti - Rumicion conglomerati;;;;496;37;Prairies humides et mégaphorbiaies;;1728;E5.4;Lisières et prairies humides ou mouilleuses à grandes herbacées et à fougères;;2835;6430;Mégaphorbiaies hygrophiles d'ourlets planitiaires et des étages montagnard à alpin;;;;
125;Filipendulo ulmariae-Convolvuletea sepium;Thalictro flavi – Filipendulion ulmariae;Thalictro flavi – Filipendulion ulmariae;B. Foucault in Royer et al. 2006;16564;PVF1;28.0.3.0.1;Thalictro flavi-Filipendulion ulmariae;;;;1268;37.1;Communautés à Reine des prés et communautés associées;;11323;E5.412;Mégaphorbiaies occidentales némorales rivulaires dominées par Filipendula;E5.421;2835;6430;Mégaphorbiaies hygrophiles d'ourlets planitiaires et des étages montagnard à alpin;;;;
126;Filipendulo ulmariae-Convolvuletea sepium;Filipendulo ulmariae – Chaerophyllion hirsuti;Filipendulo ulmariae – Chaerophyllion hirsuti;B. Foucault 2011;16776;PVF2;;Filipendulo ulmariae - Chaerophyllion hirsuti;;;;496;37;Prairies humides et mégaphorbiaies;;1719;E3.4;Prairies eutrophes et mésotrophes humides ou mouilleuses;E5.4;2835;6430;Mégaphorbiaies hygrophiles d'ourlets planitiaires et des étages montagnard à alpin;;;;
128;Melampyro pratensis-Holcetea mollis;Potentillo erectae-Holcion mollis;Potentillo erectae-Holcion mollis;;16622;PVF1;41.0.1.0.1;Potentillo erectae-Holcion mollis;;;;;;;;1728;E5.4;Lisières et prairies humides ou mouilleuses à grandes herbacées et à fougères;;;;;;;;
129;Melampyro pratensis-Holcetea mollis;Holco mollis-Pteridion aquilini;Holco mollis-Pteridion aquilini;;16623;PVF1;41.0.1.0.2;Holco mollis-Pteridion aquilini;;;;4028;31.86;Landes à Fougères;;1727;E5.3;Formations à Pteridium aquilinum;;;;;;;;
130;Melampyro pratensis-Holcetea mollis;Conopodio majoris-Teucrion scorodoniae;Conopodio majoris-Teucrion scorodoniae;;16625;PVF1;41.0.1.0.4;Conopodio majoris-Teucrion scorodoniae;;;;1283;34.4;Lisières (ou ourlets) forestières thermophiles;;1721;E5.2;Ourlets forestiers thermophiles;;;;;;;;
131;Melampyro pratensis-Holcetea mollis;Melampyro sylvatici-Poion chaixii;Melampyro sylvatici-Poion chaixii;;16626;PVF1;41.0.1.0.5;Melampyro sylvatici-Poion chaixii;;;;;;;;5230;E5.22;Ourlets mésophiles;;;;;;;;
132;Melampyro pratensis-Holcetea mollis;Pteridio aquilini – Blechnion spicantis;Pteridio aquilini – Blechnion spicantis;;;;;;1728;EUNIS;E5.4;;;;;1728;E5.4;Lisières et prairies humides ou mouilleuses à grandes herbacées et à fougères;;;;;;;;
134;Mulgedio alpini-Aconitetea variegati;Calamagrostion arundinaceae;Calamagrostion arundinaceae;;16641;PVF1;44.0.1.0.1;Calamagrostion arundinaceae;;;;4278;37.82;Prairies subalpines à Calamagrostis arundinacea;;11335;E5.523;Communautés à grandes graminées alpiennes sur des pentes sèches et chaudes à grandes herbacées;;2835;6430;Mégaphorbiaies hygrophiles d'ourlets planitiaires et des étages montagnard à alpin;;;;
135;Mulgedio alpini-Aconitetea variegati;Adenostylion pyrenaicae;Adenostylion pyrenaicae;Rivas-Mart., T.E. Díaz, F. Prieto, Loidi & Penas 1984;16706;PVF2;;Adenostylion pyrenaicae;;;;4279;37.83;Mégaphorbiaies pyrénéo-ibériques;;5238;E5.53;Communautés à grandes herbacées pyrénéo-ibériques;;2835;6430;Mégaphorbiaies hygrophiles d'ourlets planitiaires et des étages montagnard à alpin;;;;
136;Mulgedio alpini-Aconitetea variegati;Adenostylion alliariae;Adenostylion alliariae;;16643;PVF1;44.0.2.0.1;Adenostylion alliariae;;;;4277;37.81;Mégaphorbiaies des montagnes hercyniennes, du Jura et des Alpes;;5238;E5.53;Communautés à grandes herbacées pyrénéo-ibériques;;2835;6430;Mégaphorbiaies hygrophiles d'ourlets planitiaires et des étages montagnard à alpin;;;;
138;Trifolio medii-Geranietea sanguinei;Geranion sanguinei;Geranion sanguinei;;16335;PVF1;72.0.1.0.1;Geranion sanguinei;;;;4305;34.41;Lisières xéro-thermophiles;;5229;E5.21;Ourlets xérothermophiles;;2842;6210;Pelouses sèches semi-naturelles et faciès d'embuissonnement sur calcaires (Festuco-Brometalia) (* sites d'orchidées remarquables);;;;pp ?
139;Trifolio medii-Geranietea sanguinei;Trifolion medii;Trifolion medii;;16336;PVF1;72.0.1.0.2;Trifolion medii;;;;4306;34.42;Lisières mésophiles;;5230;E5.22;Ourlets mésophiles;;2842;6210;Pelouses sèches semi-naturelles et faciès d'embuissonnement sur calcaires (Festuco-Brometalia) (* sites d'orchidées remarquables);;;;pp ?
140;Trifolio medii-Geranietea sanguinei;Knaution dipsacifoliae;Knaution dipsacifoliae;;;;;;4306;CORINE_biotopes;34.42;4306;34.42;Lisières mésophiles;;5230;E5.22;Ourlets mésophiles;;2842;6210;Pelouses sèches semi-naturelles et faciès d'embuissonnement sur calcaires (Festuco-Brometalia) (* sites d'orchidées remarquables);;;;pp ?
142;Caricetea curvulae;Festucion supinae;Festucion supinae;;16682;PVF1;15.0.1.0.4;Festucion supinae;;;;9899;36.341;Pelouses à Carex curvula;36.344;17873;E4.3412;Pelouses pyrénéennes à Carex curvula;E4.344;;;;;;;
144;Elyno myosuroidis-Seslerietea caeruleae;Festucion scopariae;Festucion scopariae;;16554;PVF1;26.0.3.0.7;Festucion scopariae;;;;9970;36.434;Pelouses pyrénéennes à Festuca gautieri;;11418;E4.434;Pelouses pyrénéennes à Festuca gautieri;;2869;6170;Pelouses calcaires alpines et subalpines;;;;
145;Elyno myosuroidis-Seslerietea caeruleae;Gentiano acaulis-Primulion intricatae;Gentiano acaulis-Primulion intricatae;;;;;;495;CORINE_biotopes;36;495;36;Pelouses alpines et subalpines;;601;E4;Pelouses alpines et subalpines;;2869;6170;Pelouses calcaires alpines et subalpines;;;;
146;Elyno myosuroidis-Seslerietea caeruleae;Salicion pyrenaicae;Salicion pyrenaicae;;;;;;17180;CORINE_biotopes;36.4112;17180;36.4112;Pelouses pyrénéennes à laîche sempervirente;;17840;E4.4112;Pelouses pyrénéennes à Laîche sempervirente;;2869;6170;Pelouses calcaires alpines et subalpines;;;;
147;Elyno myosuroidis-Seslerietea caeruleae;Primulion intricatae;Primulion intricatae;;16558;PVF1;27.0.1.0.4;Primulion intricatae;;;;4287;36.41;Pelouses à laîche ferrugineuse et communautés apparentées;36.4142;5236;E4.41;Pelouses alpines calciphiles fermées;E4.414;2869;6170;Pelouses calcaires alpines et subalpines;;;;
148;Elyno myosuroidis-Seslerietea caeruleae;Oxytropido-Elynion myosuroidis;Oxytropido-Elynion myosuroidis;;16479;PVF1;17.0.1.0.1;Oxytropido-Elynion myosuroidis;;;;9955;36.422;Pelouses pyrénéennes à Elyna;;11371;E4.422;Gazons pyrénéens à Élyna queue-de-souris;;2869;6170;Pelouses calcaires alpines et subalpines;;;;
150;Salicetea herbaceae;Arabidion caeruleae;Arabidion caeruleae;;16425;PVF1;61.0.1.0.1;Arabidion caeruleae;;;;4318;36.12;Communautés de combes à neige sur substrats calcaires;;11586;F2.121;Communautés boréo-alpiennes calcicoles des névés à Saules en espalier;;;;;;;;
151;Salicetea herbaceae;Salicion herbaceae;Salicion herbaceae;;16426;PVF1;61.0.2.0.1;Salicion herbaceae;;;;4313;36.11;Communautés des combes à neige acidiphiles;;5342;F2.11;Fourrés des combes à neige acidoclines boréo-alpines à Salix herbacea;;;;;;;;
153;Loiseleurio procumbentis-Vaccinietea microphylli;Arctostaphylo-Cetrarion nivalis;Arctostaphylo-Cetrarion nivalis;;16611;PVF1;39.0.1.0.1;Arctostaphylo-Cetrarion nivalis;;;;4009;31.47;Landes à Arctostaphylos uva-ursi;;5347;F2.27;Landes alpidiques à Arctostaphylos uva-ursi et Arctostaphylos alpinus;;2696;4060;Landes alpines et boréales;;;;
154;Loiseleurio procumbentis-Vaccinietea microphylli;Loiseleurio procumbentis-Vaccinion microphylli;Loiseleurio procumbentis-Vaccinion microphylli;;16612;PVF1;39.0.1.0.2;Loiseleurio procumbentis-Vaccinion microphylli;;;;4003;31.41;Landes naines à Azalée et à Vaccinium;;5362;F2.21;Landes alpidiques venteuses à éricoïdes naines;;2696;4060;Landes alpines et boréales;;;;
155;Loiseleurio procumbentis-Vaccinietea microphylli;Rhododendro ferruginei-Vaccinion myrtilli;Rhododendro ferruginei-Vaccinion myrtilli;;16613;PVF1;39.0.1.0.3;Rhododendro ferruginei-Vaccinion myrtilli;;;;4004;31.42;Landes à Rhododendron;;11436;F2.222;Landes à Rhododendron ferrugineux pyrénéennes;;2696;4060;Landes alpines et boréales;;;;
156;Loiseleurio procumbentis-Vaccinietea microphylli;Juniperion nanae;Juniperion nanae;;16614;PVF1;39.0.1.0.4;Juniperion nanae;;;;4005;31.43;Fourrés à Genévriers nains;;11556;F2.231;Fourrés montagnards à Juniperus nana;;2696;4060;Landes alpines et boréales;;;;
157;Loiseleurio procumbentis-Vaccinietea microphylli;Ericion carneae;Ericion carneae;;16615;PVF1;39.0.1.0.5;Ericion carneae;;;;1222;31.4;Landes alpines et boréales;;608;F2;Fourrés arctiques, alpins et subalpins;;2696;4060;Landes alpines et boréales;;;;
159;Helianthemetea guttati;Thero – Airion;Thero – Airion;Tüxen ex Oberdorfer 1957;16583;PVF1;32.0.1.0.3;Thero-Airion;;;;4294;35.21;Prairies siliceuses à annuelles naines;;5112;E1.91;Pelouses siliceuses d'espèces annuelles naines;;;;;;;;
160;Stipo capensis-Trachynietea distachyae;Trachynion distachyae;Trachynion distachyae;Rivas-Martínez ex Rivas-Martínez, Fern.-Gonz. & Loidi 1999;16468;PVF1;69.0.1.0.1;Trachynion distachyae;;;;17190;34.5131;Communautés annuelles calciphiles de l'ouest méditerranéen;;11120;E1.313;Communautés méditerranéennes annuelles des sols superficiels;;2802;6220;Parcours substeppiques de graminées et annuelles des Thero-Brachypodietea;;;;
162;Festuco-Brometea;Bromion erecti;Bromion erecti;W. Koch 1926;25142;PVF1;;Bromion erecti;;;;4118;34.32;Pelouses calcaires sub-atlantiques semi-arides;;11155;E1.262;Pelouses semi-sèches médio-européennes à Bromus erectus;;2842;6210;Pelouses sèches semi-naturelles et faciès d'embuissonnement sur calcaires (Festuco-Brometalia) (* sites d'orchidées remarquables);;;;[*sites d'orchidées remarquables]
163;Festuco-Brometea;Thesio humifusi-Koelerion pyramidatae;Thesio humifusi-Koelerion pyramidatae;J.-M. Royer & Ferrez 2020;;;;;4118;CORINE_biotopes;34.32;4118;34.32;Pelouses calcaires sub-atlantiques semi-arides;;11155;E1.262;Pelouses semi-sèches médio-européennes à Bromus erectus;;2842;6210;Pelouses sèches semi-naturelles et faciès d'embuissonnement sur calcaires (Festuco-Brometalia) (* sites d'orchidées remarquables);;;;[*sites d'orchidées remarquables]
164;Festuco-Brometea;Anacamptido pyramidalis – Serapiadion vomeraceae;Anacamptido pyramidalis – Serapiadion vomeraceae;;;;;;17143;CORINE_biotopes;34.3261;17143;34.3261;Mesobromion pyrénéo-catalan;;11094;E1.266;Mesobromion subméditerranéen;;2842;6210;Pelouses sèches semi-naturelles et faciès d'embuissonnement sur calcaires (Festuco-Brometalia) (* sites d'orchidées remarquables);;;;[*sites d'orchidées remarquables]
165;Festuco-Brometea;Festucion auquieri – marginatae;Festucion auquieri – marginatae;;;;;;4269;CORINE_biotopes;34.33;4269;34.33;Prairies calcaires subatlantiques très sèches;;5057;E1.27;Pelouses calcaires subatlantiques très sèches;;2842;6210;Pelouses sèches semi-naturelles et faciès d'embuissonnement sur calcaires (Festuco-Brometalia) (* sites d'orchidées remarquables);;;;[*sites d'orchidées remarquables]
166;Festuco-Brometea;Teucrio pyrenaici – Bromion erecti;Teucrio pyrenaici – Bromion erecti;Rivas-Mart., Fernández-González & Loidi 1999;;;;;17175;CORINE_biotopes;34.332G;17175;34.332G;Xerobromion pyrénéen;;11102;E1.272;Pelouses médio-européennes du Xerobromion;;2842;6210;Pelouses sèches semi-naturelles et faciès d'embuissonnement sur calcaires (Festuco-Brometalia) (* sites d'orchidées remarquables);;;;[*sites d'orchidées remarquables]
167;Festuco-Brometea;Koelerio macranthae – Phleion phleoidis;Koelerio macranthae – Phleion phleoidis;;16547;PVF1;26.0.2.0.7;Koelerio macranthae-Phleion phleoidis;;;;4290;34.34;Pelouses calcaréo-siliceuses de l'Europe centrale;;5067;E1.28;Pelouses calcaréo-siliceuses d'Europe centrale;;2842;6210;Pelouses sèches semi-naturelles et faciès d'embuissonnement sur calcaires (Festuco-Brometalia) (* sites d'orchidées remarquables);;;;[*sites d'orchidées remarquables]
168;Festuco-Brometea;Ononidion striatae;Ononidion striatae;;16548;PVF1;26.0.3.0.1;Ononidion striatae;;;;4253;34.71;Steppes méditerranéo-montagnardes;;5092;E1.51;Steppes méditerranéo-montagnardes;;;;;;;;
170;Molinio caeruleae-Juncetea acutiflori;Juncion acutiflori;Juncion acutiflori;Braun-Blanq. in Braun-Blanq. & Tüxen 1952;16628;PVF1;42.0.1.0.2;Juncion acutiflori;;;;4258;37.22;Prairies à Jonc acutiflore;37.312;5266;E3.42;Prairies à Juncus acutiflorus;E3.512;;;;9071;6410-11;Prés humides subatlantiques à précontinentaux, montagnards du Massif central et des Pyrénées;
171;Molinio caeruleae-Juncetea acutiflori;Molinion caeruleae;Molinion caeruleae;;16629;PVF1;42.0.1.0.3;Molinion caeruleae;;;;9959;37.311;Prairies à Molinie sur calcaires;;11311;E3.511;Prairies calciclines à Molinie bleue;;2833;6410;Prairies à Molinia sur sols calcaires, tourbeux ou argilo-limoneux (Molinion caeruleae);;;;
173;Nardetea strictae;Galio saxatilis-Festucion filiformis;Galio saxatilis-Festucion filiformis;;16647;PVF1;45.0.1.0.2;Galio saxatilis-Festucion filiformis;;;;4286;35.12;Pelouses à Agrostis-Festuca;;5068;E1.72;Pelouses à Agrostis et Festuca;;2797;6230;Formations herbeuses à Nardus, riches en espèces, sur substrats siliceux des zones montagnardes (et des zones submontagnardes de l'Europe continentale);;;;*
174;Nardetea strictae;Violion caninae;Violion caninae;;16648;PVF1;45.0.1.0.3;Violion caninae;;;;4286;35.12;Pelouses à Agrostis-Festuca;;5068;E1.72;Pelouses à Agrostis et Festuca;;2797;6230;Formations herbeuses à Nardus, riches en espèces, sur substrats siliceux des zones montagnardes (et des zones submontagnardes de l'Europe continentale);;;;*
175;Nardetea strictae;Danthonio decumbentis-Serapiadion linguae;Danthonio decumbentis-Serapiadion linguae;;16716;PVF2;;Danthonio decumbentis - Serapiadion linguae;;;;1276;35.1;Pelouses atlantiques à Nard raide et groupements apparentés;;5058;E1.71;Gazons à Nardus stricta;;2797;6230;Formations herbeuses à Nardus, riches en espèces, sur substrats siliceux des zones montagnardes (et des zones submontagnardes de l'Europe continentale);;;;*
176;Nardetea strictae;Nardo strictae-Juncion squarrosi;Nardo strictae-Juncion squarrosi;;16650;PVF1;45.0.1.0.5;Nardo strictae-Juncion squarrosi;;;;4263;37.32;Prairies à Jonc rude et pelouses humides à Nard;;5224;E3.52;Prairies à Juncus squarrosus et gazons humides à Nardus stricta;;;;;;;;
177;Nardetea strictae;Nardo strictae-Agrostion tenuis;Nardo strictae-Agrostion tenuis;;16719;PVF2;;Nardo strictae - Agrostion tenuis;;;;;;;;;;;;;;;;;;
178;Nardetea strictae;Carici macrostyli-Nardion strictae;Carici macrostyli-Nardion strictae;;16721;PVF2;;Carici macrostyli - Nardion strictae;;;;9989;36.311;Nardaies mésophiles pyrénéo-alpines;36.312|36.313|36.314;11368;E4.311;Gazons pyrénéo-alpins mésophiles à Nard raide;E4.312|E4.313|E4.314;2797;6230;Formations herbeuses à Nardus, riches en espèces, sur substrats siliceux des zones montagnardes (et des zones submontagnardes de l'Europe continentale);;;;
179;;Selino pyrenaei – Nardetum strictae;Selino pyrenaei – Nardetum strictae;;24045;PVF2;;Selino pyrenaei - Nardetum strictae;;;;9990;36.312;Nardaies pyrénéo-alpines hygrophiles;;11369;E4.312;Gazons pyrénéo-alpins hygrophiles à Nard raide;;2797;6230;Formations herbeuses à Nardus, riches en espèces, sur substrats siliceux des zones montagnardes (et des zones submontagnardes de l'Europe continentale);;;;
183;Nardetea strictae;Festucion eskiae;Festucion eskiae;;16680;PVF1;15.0.1.0.2;Festucion eskiae;;;;9888;36.331;Pelouses à Festuca paniculata;36.332;11413;E4.331;Gazons thermo-alpigènes à Festuca paniculata;E4.332;;;;;;;
185;Sedo albi-Scleranthetea biennis;Sedion anglici;Sedion anglici;Braun-Blanq. In Braun-Blanq. & Tüxen 1952;16446;PVF1;65.0.1.0.3;Sedion anglici;;;;9687;34.111;Pelouses à orpins;;11105;E1.111;Gazons médio-européens à Orpins;;2788;8230;Roches siliceuses avec végétation pionnière du Sedo-Scleranthion ou du Sedo albi-Veronicion dillenii;;;;
186;Sedo albi-Scleranthetea biennis;Sedion pyrenaici;Sedion pyrenaici;Tüxen ex Rivas-Martínez, T.E. Diáz, F. Prieto, Loidi & Penas in T.E. Diáz & F.Prieto 1994;16445;PVF1;65.0.1.0.2;Sedion pyrenaici;;;;1296;36.2;Communautés des affleurements et rochers désagrégés alpins;34.111;5753;H3.62;Affleurements et rochers érodés à végétation clairsemée;E1.111;2788;8230;Roches siliceuses avec végétation pionnière du Sedo-Scleranthion ou du Sedo albi-Veronicion dillenii;;;;
187;Sedo albi-Scleranthetea biennis;Sedo albi-Veronicion dillenii;Sedo albi-Veronicion dillenii;Oberdorfer ex Korneck 1974;16448;PVF1;65.0.2.0.2;Sedo albi-Veronicion dillenii;;;;9687;34.111;Pelouses à orpins;;11105;E1.111;Gazons médio-européens à Orpins;;2788;8230;Roches siliceuses avec végétation pionnière du Sedo-Scleranthion ou du Sedo albi-Veronicion dillenii;;;;
188;Sedo albi-Scleranthetea biennis;Alysso alyssoidis-Sedion albi;Alysso alyssoidis-Sedion albi;;16447;PVF1;65.0.2.0.1;Alysso alyssoidis-Sedion albi;;;;9687;34.111;Pelouses à orpins;;11105;E1.111;Gazons médio-européens à Orpins;;2857;6110;Pelouses rupicoles calcaires ou basiphiles de l'Alysso-Sedion albi;;;;
189;Sedo albi-Scleranthetea biennis;Sedion micrantho-sediformis;Sedion micrantho-sediformis;;16449;PVF1;65.0.2.0.3;Sedion micrantho-sediformis;;;;9687;34.111;Pelouses à orpins;;11105;E1.111;Gazons médio-européens à Orpins;;2857;6110;Pelouses rupicoles calcaires ou basiphiles de l'Alysso-Sedion albi;;;;
191;Violetea calaminariae ?;Armerion halleri;Armerion halleri;;16348;PVF1;75.0.1.0.2;Armerion halleri;;;;4324;36.44;Communautés alpines métallifères;;595;E1;Pelouses sèches;;2859;6130;Pelouses calaminaires des Violetalia calaminariae;;;;
193;Agrostietea stoloniferae;Mentho arvensis-Eleocharition palustris;Mentho arvensis-Eleocharition palustris;B. Foucault 2012;16739;PVF2;;Mentho arvensis - Eleocharition palustris;;;;1270;37.2;Prairies humides eutrophes;;5011;C3.24;Communautés non-graminoïdes de moyenne-haute taille bordant l'eau;E3.41;;;;;;;
194;Agrostietea stoloniferae;Oenanthion fistulosae;Oenanthion fistulosae;;16575;PVF1;3.0.2.0.1;Oenanthion fistulosae;;;;4255;37.21;Prairies humides atlantiques et subatlantiques;;5223;E3.41;Prairies atlantiques et subatlantiques humides;;;;;;;;
195;Agrostietea stoloniferae;Bromion racemosi;Bromion racemosi;Tüxen ex B. Foucault 2008;16569;PVF1;3.0.1.0.1;Bromion racemosi;;;;4255;37.21;Prairies humides atlantiques et subatlantiques;;5223;E3.41;Prairies atlantiques et subatlantiques humides;;;;;;;;
196;Agrostietea stoloniferae;Alopecurion pratensis;Alopecurion pratensis;Passarge 1964;16571;PVF1;3.0.1.0.3;Alopecurion pratensis;;;;4255;37.21;Prairies humides atlantiques et subatlantiques;;5223;E3.41;Prairies atlantiques et subatlantiques humides;;;;;;;;
197;Agrostietea stoloniferae;Mentho longifoliae-Juncion inflexi;Mentho longifoliae-Juncion inflexi;Müller & Görs ex B. Foucault 2008;16573;PVF1;3.0.1.0.5;Mentho longifoliae-Juncion inflexi;;;;4295;37.24;Prairies à Agropyre et Rumex;;5273;E3.44;Gazons inondés et communautés apparentées;;;;;;;;
198;Agrostietea stoloniferae;Ranunculo repentis-Cynosurion cristati;Ranunculo repentis-Cynosurion cristati;;16748;PVF2;;Ranunculo repentis - Cynosurion cristati;;;;4295;37.24;Prairies à Agropyre et Rumex;;5273;E3.44;Gazons inondés et communautés apparentées;;;;;;;;
199;Agrostietea stoloniferae;Potentillion anserinae;Potentillion anserinae;Tüxen 1947 ex Jansen, Päzolt & Dengler in Dengler et al. 2003;16574;PVF1;3.0.1.0.6;Potentillion anserinae;;;;4295;37.24;Prairies à Agropyre et Rumex;;5273;E3.44;Gazons inondés et communautés apparentées;;;;;;;;
200;Agrostietea stoloniferae;Scirpoido holoschoeni – Juncion inflexi;Scirpoido holoschoeni – Juncion inflexi;;16744;PVF2;;Scirpoido holoschoeni - Juncion inflexi;;;;1288;37.4;Prairies humides méditerranéennes à grandes herbes;;1735;E3.1;Prairies humides hautes méditerranéennes;;;;;;;;
201;Agrostietea stoloniferae;Agrostio stoloniferae – Scirpoidion holoschoeni;Agrostio stoloniferae – Scirpoidion holoschoeni;;16750;PVF2;;Agrostio stoloniferae - Scirpoidion holoschoeni;;;;1288;37.4;Prairies humides méditerranéennes à grandes herbes;;5282;E3.11;Prairies humides hautes des plaines méditerranéennes;;2834;6420;Prairies humides méditerranéennes à grandes herbes du Molinio-Holoschoenion;;;;
202;Agrostietea stoloniferae;Paspalo distichi-Polypogonion viridis;Paspalo distichi-Polypogonion viridis;Braun-Blanq. In Braun-Blanq. Roussine & nègre 1952;16754;PVF2;;Paspalo distichi - Polypogonion viridis;;;;3978;24.53;Groupements méditerranéens des limons riverains;;5243;E5.44;Prairies méditerranéennes des berges alluviales;;2691;3280;Rivières permanentes méditerranéennes du Paspalo-Agrostidion avec rideaux boisés riverains à Salix et Populus alba;;;;
203;Agrostietea stoloniferae;Trifolio fragiferi – Cynodontion dactyli;Trifolio fragiferi – Cynodontion dactyli;;16752;PVF2;;Trifolio fragiferi - Cynodontion dactyli;;;;4295;37.24;Prairies à Agropyre et Rumex;;5273;E3.44;Gazons inondés et communautés apparentées;;;;;;;;
205;Arrhenatheretea elatioris;Brachypodio rupestris-Centaureion nemorali;Brachypodio rupestris-Centaureion nemorali;Braun-Blanq. 1967;;;;;4314;CORINE_biotopes;38.21;4314;38.21;Prairies de fauche atlantiques;;5341;E2.21;Prairies de fauche atlantiques;;2839;6510;Prairies de fauche de basse altitude (Alopecurus pratensis, Sanguisorba officinalis);;;;
206;Arrhenatheretea elatioris;Arrhenatherion elatioris;Arrhenatherion elatioris;Koch 1926;16414;PVF1;6.0.1.0.1;Arrhenatherion elatioris;;;;4315;38.22;Prairies de fauche des plaines médio-européennes;;5345;E2.22;Prairies de fauche planitiaires subatlantiques;;2839;6510;Prairies de fauche de basse altitude (Alopecurus pratensis, Sanguisorba officinalis);;;;
207;Arrhenatheretea elatioris;Triseto flavescentis-Polygonion bistortae;Triseto flavescentis-Polygonion bistortae;Braun-Blanq. & Tüxen ex Marschall 1947;16416;PVF1;6.0.1.0.3;Triseto flavescentis-Polygonion bistortae;;;;1271;38.3;Prairies de fauche de montagne;36.51;1729;E2.3;Prairies de fauche montagnardes;;2840;6520;Prairies de fauche de montagne;;;;
208;Arrhenatheretea elatioris;Cynosurion cristati;Cynosurion cristati;Tüxen 1947;16417;PVF1;6.0.2.0.1;Cynosurion cristati;;;;1282;38.1;Pâtures mésophiles;;1747;E2.1;Pâturages permanents mésotrophes et prairies de post-pâturage;;;;;;;;
209;Arrhenatheretea elatioris;Poion alpinae;Poion alpinae;;16418;PVF1;6.0.2.0.2;Poion alpinae;;;;4326;36.52;Pâturages à Liondent hispide;;5211;E4.52;Pâturages à Leontodon hispidus;;;;;;;;
210;Arrhenatheretea elatioris;Lolio perennis-Plantaginion majoris;Lolio perennis-Plantaginion majoris;;16419;PVF1;6.0.3.0.1;Lolio perennis-Plantaginion majoris;;;;1355;87.2;Zones rudérales;;1720;E5.1;Végétations herbacées anthropiques;;;;;;;;
211;Arrhenatheretea elatioris;Poion supinae;Poion supinae;;16421;PVF1;6.0.3.0.3;Poion supinae;;;;4326;36.52;Pâturages à Liondent hispide;;5211;E4.52;Pâturages à Leontodon hispidus;;;;;;;;
213;Calluno vulgaris-Ulicetea minoris;Calluno vulgaris-Arctostaphylion uvae-ursi;Calluno vulgaris-Arctostaphylion uvae-ursi;Tüxen & Preising in Preising 1949 nom. nud.;16672;PVF1;13.0.2.0.1;Calluno vulgaris-Arctostaphylion uvae-ursi;;;;9436;31.226;Landes montagnardes à Calluna et Genista;;11545;F4.226;Landes montagnardes à Calluna et Genista;;2872;4030;Landes sèches européennes;;;;
214;Calluno vulgaris-Ulicetea minoris;Genistion tinctorio-germanicae;Genistion tinctorio-germanicae;B. Foucault 1990 nom. inval.;16673;PVF1;13.0.2.0.2;Genistion tinctorio-germanicae;;;;1217;31.2;Landes sèches;;1736;F4.2;Landes sèches;;2872;4030;Landes sèches européennes;;;;
215;Calluno vulgaris-Ulicetea minoris;Genisto pilosae-Vaccinion uliginosi;Genisto pilosae-Vaccinion uliginosi;Braun-Blanq. 1926;16674;PVF1;13.0.2.0.3;Genisto pilosae-Vaccinion uliginosi;;;;9436;31.226;Landes montagnardes à Calluna et Genista;;11545;F4.226;Landes montagnardes à Calluna et Genista;;2872;4030;Landes sèches européennes;;;;
217;Cisto ladaniferi-Lavanduletea stoechadis;Cistion laurifolii;Cistion laurifolii;;16486;PVF1;19.0.1.0.2;Cistion laurifolii;;;;4075;32.33;Maquis hauts à Cistus;;5495;F5.23;Maquis hauts à Cistus;;;;;;;;
219;Rosmarinetea officinalis;Rosmarinion officinalis;Rosmarinion officinalis;;16407;PVF1;58.0.1.0.1;Rosmarinion officinalis;;;;1227;32.4;Garrigues calcicoles de l'étage méso-méditerranéen occidental;31.2;1759;F6.1;Garrigues occidentales;F4.2;2872;4030;Landes sèches européennes;;;;pp
221;Rhamno catharticae-Prunetea spinosae;Dioscoreo communis-Salicion atrocinereae;Dioscoreo communis-Salicion atrocinereae;;;;;;4030;CORINE_biotopes;31.81;4030;31.81;Fourrés médio-européens sur sol fertile;;5326;F3.11;Fourrés médio-européens sur sols riches;;;;;;;;
222;Rhamno catharticae-Prunetea spinosae;Lonicerion periclymeni;Lonicerion periclymeni;;16517;PVF1;20.0.2.0.4;Lonicerion periclymeni;;;;16985;31.8112;Fruticées atlantiques Prunus spinosa et Rubus fruticosus;;17999;F3.1112;Fourrés à Prunellier et Ronces atlantiques;;;;;;;;
223;Rhamno catharticae-Prunetea spinosae;Pruno spinosae-Rubion ulmifolii;Pruno spinosae-Rubion ulmifolii;;16515;PVF1;20.0.2.0.2;Pruno spinosae-Rubion ulmifolii;;;;4026;31.89;Fourrés caducifoliés sub-méditerranéens sud-occidentaux;;5304;F3.22;Fourrés caducifoliés subméditerranéens sud-occidentaux;;;;;;;;
224;Rhamno catharticae-Prunetea spinosae;Rubo ulmifolii-Viburnion lantanae;Rubo ulmifolii-Viburnion lantanae;B. Foucault & Julve ex B. Foucault & J.-M. Royer 2015;;;;;22153;CORINE_biotopes;31.812122;22153;31.812122;Fruticées calcicoles de bord de route, sur craie;;20922;F3.11212;Fourrés à Prunellier et Lierre atlantiques;;;;;;;;
225;Rhamno catharticae-Prunetea spinosae;Berberidion vulgaris;Berberidion vulgaris;Braun-Blanq. 1950 ex Tüxen 1952;16520;PVF1;20.0.2.0.7;Berberidion vulgaris;;;;9538;31.812;Fruticées à Prunelliers et Troènes;;17905;F3.1121;Fourrés à Prunellier et Troène atlantiques et médio-européens;F3.12;2804;5110;Formations stables xérothermophiles à Buxus sempervirens des pentes rocheuses (Berberidion p.p.);;;;"pp ; pp"
226;Rhamno catharticae-Prunetea spinosae;Corylo avellanae-Populion tremulae;Corylo avellanae-Populion tremulae;(Braun-Blanq. ex Theurillat in Theurillat, Aeschimann, P.Küpfer & Spichiger 1995) Géhu all. prov. et stat. prov.;16522;PVF1;20.0.2.0.9;Corylo avellanae-Populion tremulae;;;;4030;31.81;Fourrés médio-européens sur sol fertile;31.8C;5326;F3.11;Fourrés médio-européens sur sols riches;F3.171;;;;;;;
227;Rhamno catharticae-Prunetea spinosae;Amelanchiero ovalis-Buxion sempervirentis;Amelanchiero ovalis-Buxion sempervirentis;O. de Bolòs et Romo in Romo 1989;;;;;4022;CORINE_biotopes;31.82;4022;31.82;Fruticées à Buis;31.8123|32.136;5291;F3.12;Fourrés à Buxus sempervirens;F3.1123|F5.136;2804;5110;Formations stables xérothermophiles à Buxus sempervirens des pentes rocheuses (Berberidion p.p.);;;;pp
228;Rhamno catharticae-Prunetea spinosae;Hippophaion fluviatilis;Hippophaion fluviatilis;;;;;;4501;CORINE_biotopes;44.12;4501;44.12;Saussaies de plaine, collinéennes et méditerranéo-montagnardes;;11725;F9.122;Fourrés ouest-méditerranéens à Salix purpurea ssp. lambertiana;;;;;;;;
229;Rhamno catharticae-Prunetea spinosae;Clematido vitalbae-Acerion campestris;Clematido vitalbae-Acerion campestris;;;;;;1223;CORINE_biotopes;31.8;1223;31.8;Fourrés;;1742;F3.1;Fourrés tempérés;;;;;;;;
230;Rhamno catharticae-Prunetea spinosae;Salici cinereae-Rhamnion catharticae;Salici cinereae-Rhamnion catharticae;;16513;PVF1;20.0.2.0.10;Salici cinereae-Rhamnion catharticae;;;;9537;31.811;Fruticées à Prunus spinosa et halliers à Rubus fruticosus;;20922;F3.11212;Fourrés à Prunellier et Lierre atlantiques;;;;;;;;
231;Rhamno catharticae-Prunetea spinosae;Rubo idaei-Viburnion opuli;Rubo idaei-Viburnion opuli;;;;;;1223;CORINE_biotopes;31.8;1223;31.8;Fourrés;;1742;F3.1;Fourrés tempérés;;;;;;;;
232;Rhamno catharticae-Prunetea spinosae;Humulo lupuli-Sambucion nigrae;Humulo lupuli-Sambucion nigrae;;25034;PVF1;;Humulo lupuli-Sambucion nigrae;;;;1223;31.8;Fourrés;;1742;F3.1;Fourrés tempérés;;;;;;;;
233;Rhamno catharticae-Prunetea spinosae;Mespilo germanicae-Ilicion aquifolii;Mespilo germanicae-Ilicion aquifolii;;;;;;4023;CORINE_biotopes;31.83;4023;31.83;Fruticées atlantiques des sols pauvres;;5292;F3.13;Fourrés atlantiques sur sols pauvres;;;;;;;;
234;Rhamno catharticae-Prunetea spinosae;Sambuco nigrae-Salicion capreae;Sambuco nigrae-Salicion capreae;;;;;;9525;CORINE_biotopes;31.872;9525;31.872;Clairières à couvert arbustif;;5769;G5.85;Clairières à couvert arbustif;;;;;;;;
235;Rhamno catharticae-Prunetea spinosae;Humulo lupuli – Sambucion nigrae;Humulo lupuli – Sambucion nigrae;B. Foucault & Julve ex B. Foucault & J.-M. Royer all. nov. hoc loco;25034;PVF1;;Humulo lupuli-Sambucion nigrae;;;;4030;31.81;Fourrés médio-européens sur sol fertile;;5326;F3.11;Fourrés médio-européens sur sols riches;;;;;;;;
237;Franguletea alni;Salicion cinereae;Salicion cinereae;;16616;PVF1;4.0.1.0.1;Salicion cinereae;;;;10198;44.923;Saussaies marécageuses à Saule laurier;;5510;F9.23;Saussaies marécageuses à Saule à cinq étamines;;;;;;;;
238;Franguletea alni;Lonicero periclymeni-Rubion sylvatici;Lonicero periclymeni-Rubion sylvatici;;26398;PVF2;;Lonicero periclymeni - Rubion sylvatici;;;;1223;31.8;Fourrés;;1742;F3.1;Fourrés tempérés;;;;;;;;
240;Cytisetea scopario-striati;Cytision oromediterranei;Cytision oromediterranei;;16343;PVF1;74.0.1.0.3;Cytision oromediterranei;;;;16965;31.8422;Landes à Cytisus purgans pyrénéennes;;11508;F3.212;Landes à Cytisus purgans pyrénéennes;;2809;5120;Formations montagnardes à Cytisus purgans;;;;
241;Cytisetea scopario-striati;Sarothamnion scoparii;Sarothamnion scoparii;;16526;PVF1;22.0.1.0.2;Sarothamnion scoparii;;;;9523;31.841;Landes médio-européennes à Cytisus scoparius;;5296;F3.14;Formations tempérées à Cytisus scoparius;;;;;;;;
243;Betulo carpaticae-Alnetea viridis;Sorbo mougeotii-Lonicerion alpigenae;Sorbo mougeotii-Lonicerion alpigenae;;16755;PVF2;;Sorbo mougeotii - Lonicerion alpigenae;;;;;;;;;;;;;;;;;;
244;Betulo carpaticae-Alnetea viridis;Pruno petraeae-Sorbion aucupariae;Pruno petraeae-Sorbion aucupariae;;16757;PVF2;;Pruno petraeae - Sorbion aucupariae;;;;492;41;Forêts caducifoliées;;11960;G1.913;Boulaies hercynio-alpines;;;;;;;;
245;Betulo carpaticae-Alnetea viridis;Salicion pentandrae;Salicion pentandrae;;16759;PVF2;;Salicion pentandrae;;;;3990;31.62;Fourrés de Saules;;5295;F2.32;Fourrés subalpins et oro-boréaux à Salix;;;;;;;;
247;Alnetea glutinosae;Alnion glutinosae;Alnion glutinosae;;16617;PVF1;4.0.2.0.1;Alnion glutinosae;;;;10184;44.911;Bois d'Aulnes marécageux méso-eutrophes;;11926;G1.411;Aulnaies marécageuses méso-eutrophes;;;;;;;;
248;Alnetea glutinosae;Sphagno-Alnion glutinosae;Sphagno-Alnion glutinosae;;16618;PVF1;4.0.2.0.2;Sphagno-Alnion glutinosae;;;;10194;44.912;Bois d'Aulnes marécageux oligotrophes;;11791;G1.412;Aulnaies marécageuses oligotrophes;;;;;;;;
251;Salicetea purpureae;Alno glutinosae-Salicion cinereae;Alno glutinosae-Salicion cinereae;;;;;;1378;CORINE_biotopes;44.1;1378;44.1;Formations riveraines de Saules;;1778;F9.1;Fourrés ripicoles;;;;;;;;
252;Salicetea purpureae;Salicion eleagno – daphnoidis;Salicion eleagno – daphnoidis;(Moor 1958) Grass in Mucina, Grabherr & Wallnöfer;25891;PVF1;;Salicion eleagno-daphnoidis;;;;1378;44.1;Formations riveraines de Saules;;1778;F9.1;Fourrés ripicoles;;2691;3280;Rivières permanentes méditerranéennes du Paspalo-Agrostidion avec rideaux boisés riverains à Salix et Populus alba;;;;
253;Salicetea purpureae;Salicion triandrae;Salicion triandrae;Müller & Görs 1958;16427;PVF1;62.0.1.0.1;Salicion triandrae;;;;4501;44.12;Saussaies de plaine, collinéennes et méditerranéo-montagnardes;;11710;F9.121;Fourrés à Saule à trois étamines et à Osier blanc;;;;;;;;91E0 pp
255;Populo albae-Salicetea albae;Rubo caesii-Populion nigrae;Rubo caesii-Populion nigrae;Passarge 1985;16431;PVF1;62.0.2.0.2;Rubo caesii-Populion nigrae;;;;4504;44.13;Forêts galeries de Saules blancs;;18071;G1.1111;Saulaies à Saule blanc ouest-européennes;;;;;;;;91E0
256;Populo albae-Salicetea albae;Fraxino excelsioris-Populion albae;Fraxino excelsioris-Populion albae;;;;;;4504;CORINE_biotopes;44.13;4504;44.13;Forêts galeries de Saules blancs;;5543;G1.22;Forets mixtes de Quercus-Ulmus-Fraxinus des grands fleuves;;;;;;;;91E0
258;Populo albae-Salicetea albae;Rubo ulmifolii-Populion albae;Rubo ulmifolii-Populion albae;;;;;;4505;CORINE_biotopes;44.14;4505;44.14;Galeries méditerranéennes de grands Saules;;18065;G1.1121;Forêts galeries méditerranéennes à Saule blanc;;;;;;;;92A0
260;Junipero-Pinetea sylvestris;Junipero hemisphaericae-Pinion sylvestris;"Junipero hemisphaericae-Pinion sylvestris ; Veronico officinalis – Pinetum sylvestris";Rivas Mart. 1983;25093;PVF1;;Junipero hemisphaericae-Pinion sylvestris;;;;17083;42.4241;Forêts de Pins de montagne à Véronique;42.5B;18420;G3.3241;Pinèdes de Pin à crochets à Véronique;G3.4;2845;9430;Forêts montagnardes et subalpines à Pinus uncinata (* si sur substrat gypseux ou calcaire);;;;
261;Erico carneae-Pinetea sylvestris = Junipero-Pinetea sylvestris;Cephalanthero rubrae-Pinion sylvestris;Cephalanthero rubrae-Pinion sylvestris = Junipero hemisphaericae-Pinion sylvestris, association : Polygalo calcareae – Pinetum sylvestris;;16531;PVF1;24.0.2.0.1;Cephalanthero rubrae-Pinion sylvestris;;;;9861;42.561;Forêts mésophiles calcicoles pyrénéennes de Pins sylvestres;;12102;G3.461;Pinèdes à Pin sylvestre mésophiles calcicoles pyrénéennes;;;;;;;;
263;Quercetea ilicis;Rhamno lycioidis-Quercion cocciferae;Rhamno lycioidis-Quercion cocciferae;;16387;PVF1;56.0.2.0.3;Rhamno lycioidis-Quercion cocciferae;;;;4073;32.45;Garrigues à genévrier oxycèdre;;5385;F6.15;Garrigues occidentales à Juniperus oxycedrus;;;;;;;;
265;Carpino betuli-Fagetea sylvaticae;Fagion sylvaticae;Fagion sylvaticae;Luquet 1926;16400;PVF1;57.0.3.3.1;Fagion sylvaticae;;;;4160;41.14;Hêtraies neutrophiles pyrénéo-cantabriques;;5526;G1.64;Hêtraies neutrophiles pyrénéo-cantabriques;;;;;;;;
266;Carpino betuli-Fagetea sylvaticae;Carpino betuli-Fagion sylvaticae;Carpino betuli-Fagion sylvaticae;Bœuf & Renaux 2010;;;;;1261;CORINE_biotopes;41.2;1261;41.2;Chênaies-charmaies;;616;G1;Forêts de feuillus caducifoliés;;;;;;;;
267;Carpino betuli-Fagetea sylvaticae;Cephalanthero damasonii – Fagion sylvaticae;Cephalanthero damasonii – Fagion sylvaticae;;;;;;4166;CORINE_biotopes;41.16;4166;41.16;Hêtraies sur calcaire;;5530;G1.66;Hêtraies calcicoles médio-européennes;;2815;9150;Hêtraies calcicoles médio-européennes du Cephalanthero-Fagion;;;;
268;Carpino betuli-Fagetea sylvaticae;Chelidonio majoris-Robinion pseudoacaciae;Chelidonio majoris-Robinion pseudoacaciae;;;;;;10077;CORINE_biotopes;83.324;10077;83.324;Plantations de Robiniers;;616;G1;Forêts de feuillus caducifoliés;;;;;;;;
270;Carpino betuli-Fagetea sylvaticae;Luzulo luzuloidis – Fagion sylvaticae;"Luzulo luzuloidis – Fagion sylvaticae ; association : Ilici aquifolii – Fagetum sylvaticae";Lohmeyer & Tüxen in Tüxen 1954;16402;PVF1;57.0.3.3.3;Luzulo luzuloidis-Fagion sylvaticae;;;;9941;41.112;Hêtraies montagnardes à Luzule;41.12;5537;G1.62;Hêtraies acidophiles atlantiques;;2865;9120;Hêtraies acidophiles atlantiques à sous-bois à Ilex et parfois à Taxus (Quercion robori-petraeae ou Ilici-Fagenion);;;;
271;Carpino betuli-Fagetea sylvaticae;Luzulo luzuloidis – Fagion sylvaticae;"Luzulo luzuloidis – Fagion sylvaticae ; association : Luzulo niveae – Fagetum sylvaticae";Lohmeyer & Tüxen in Tüxen 1954;16402;PVF1;57.0.3.3.3;Luzulo luzuloidis-Fagion sylvaticae;;;;9768;41.172;Hêtraies acidiphiles des Pyrénées orientales et des Cévennes;;11833;G1.672;Hêtraies acidophiles des Pyrénées orientales et des Cévennes;;2865;9120;Hêtraies acidophiles atlantiques à sous-bois à Ilex et parfois à Taxus (Quercion robori-petraeae ou Ilici-Fagenion);;;;
272;Carpino betuli-Fagetea sylvaticae;Luzulo luzuloidis – Fagion sylvaticae;"Luzulo luzuloidis – Fagion sylvaticae ; association :  Goodyero repentis – Abietetum albae";Lohmeyer & Tüxen in Tüxen 1954;16402;PVF1;57.0.3.3.3;Luzulo luzuloidis-Fagion sylvaticae;;;;9787;42.113;Sapinières intra-pyrénéennes;;12242;G3.113;Sapinières pyrénéennes;;;;;;;;
273;Carpino betuli-Fagetea sylvaticae;Luzulo luzuloidis – Fagion sylvaticae;Luzulo luzuloidis – Fagion sylvaticae;Lohmeyer & Tüxen in Tüxen 1954;16402;PVF1;57.0.3.3.3;Luzulo luzuloidis-Fagion sylvaticae;;;;9941;41.112;Hêtraies montagnardes à Luzule;42.113|41.12;11832;G1.612;Hêtraies montagnardes médio-européennes à Luzule;G3.113;2865;9120;Hêtraies acidophiles atlantiques à sous-bois à Ilex et parfois à Taxus (Quercion robori-petraeae ou Ilici-Fagenion);;;;
274;Carpino betuli-Fagetea sylvaticae;Goodyero repentis-Abietion albae;Goodyero repentis-Abietion albae;;;;;;9787;CORINE_biotopes;42.113;9787;42.113;Sapinières intra-pyrénéennes;;12242;G3.113;Sapinières pyrénéennes;;;;;;;;
276;Carpino betuli-Fagetea sylvaticae;Populion albae;Populion albae;;16404;PVF1;57.0.4.1.1;Populion albae;;;;4584;44.61;Forêts de Peupliers riveraines et méditerranéennes;;5556;G1.31;Forêts riveraines méditerranéennes à Peupliers;;;;;;;;92A0
277;Carpino betuli-Fagetea sylvaticae;Fraxinion angustifoliae;Fraxinion angustifoliae;;;;;;4487;CORINE_biotopes;44.63;4487;44.63;Bois de Frênes riverains et méditerranéens;;5515;G1.33;Frênaies riveraines méditerranéennes;;;;;;;;
278;Carpino betuli-Fagetea sylvaticae;Alnion incanae;Alnion incanae;Pawlowski in Pawlowski, Sokolowski & Wallisch 1928;16406;PVF1;57.0.4.2.1;Alnion incanae;;;;1389;44.3;Forêt de Frênes et d'Aulnes des fleuves médio-européens;;5528;G1.21;Forêts riveraines à Fraxinus et Alnus, sur sols inondés par les crues mais drainés aux basses eaux;;;;;;;;91E0
279;Carpino betuli-Fagetea sylvaticae;Ulmion minoris;Ulmion minoris;Oberdorfer 1953;;;;;4557;CORINE_biotopes;44.42;4557;44.42;Forêts fluviales médio-européennes résiduelles;;11876;G1.222;Forêts alluviales médio-européennes résiduelles;;;;;;;;91F0
281;Carpino betuli-Fagetea sylvaticae;Fraxino excelsioris-Quercion roboris;Fraxino excelsioris-Quercion roboris;Passarge & Hoffman 1968;16395;PVF1;57.0.3.1.1;Fraxino excelsioris-Quercion roboris;;;;1261;41.2;Chênaies-charmaies;;616;G1;Forêts de feuillus caducifoliés;;;;;;;;
283;Carpino betuli-Fagetea sylvaticae;Tilio platyphylli-Acerion pseudoplatani;Tilio platyphylli-Acerion pseudoplatani;Klika 1955;16401;PVF1;57.0.3.3.2;Tilio platyphylli-Acerion pseudoplatani;;;;4147;41.41;Forêts de ravin à Frêne et Sycomore;;616;G1;Forêts de feuillus caducifoliés;;2819;9180;Forêts de pentes, éboulis ou ravins du Tilio-Acerion;;;;
284;Carpino betuli-Fagetea sylvaticae;Dryopterido affinis-Fraxinion excelsioris;Dryopterido affinis-Fraxinion excelsioris;Vanden Berghen ex R. Boeuf, Bardat, Gauberville, Lalanne, Renaux, J.-M. Royer, Thébaud, Timbal & Seytre in R. Boeuf 2014;;;;;4157;CORINE_biotopes;41.44;4157;41.44;Forêts mixtes pyrénéo-cantabriques de Chênes et d'Ormes;;616;G1;Forêts de feuillus caducifoliés;;2819;9180;Forêts de pentes, éboulis ou ravins du Tilio-Acerion;;;;
285;Carpino betuli-Fagetea sylvaticae;Melico nutantis-Tilion platyphylli;Melico nutantis-Tilion platyphylli;H. Passarge & Ger. Hofm. 1968;;;;;4161;CORINE_biotopes;41.45;4161;41.45;Forêts thermophiles alpiennes et péri-alpiennes mixtes de Tilleuls;;616;G1;Forêts de feuillus caducifoliés;;2819;9180;Forêts de pentes, éboulis ou ravins du Tilio-Acerion;;;;
287;Quercetea pubescentis;Quercion pubescenti-petraeae;Quercion pubescenti-petraeae;Braun-Blanq. 1932;;;;;9850;CORINE_biotopes;41.711;9850;41.711;Bois occidentaux de Quercus pubescens;;5527;G1.71;Chênaies à Quercus pubescens occidentales et communautés apparentées;;;;;;;;
289;Quercetea robori-petraeae;Quercion roboris;Quercion roboris;;16393;PVF1;57.0.2.0.2;Quercion roboris;;;;9877;41.124;Hêtraies acidiphiles pyrénéo-cantabriques;;11847;G1.624;Hêtraies acidophiles pyrénéo-cantabriques;;2865;9120;Hêtraies acidophiles atlantiques à sous-bois à Ilex et parfois à Taxus (Quercion robori-petraeae ou Ilici-Fagenion);;;;
290;Quercetea robori-petraeae;Quercion pyrenaicae;Quercion pyrenaicae;;;;;;4188;CORINE_biotopes;41.55;4188;41.55;Chênaies aquitano-ligériennes sur sols lessivés ou acides;41.65;5586;G1.85;Chênaies aquitano-ligériennes sur sols lessivés ou acides;G1.7;2721;9230;Chênaies galicio-portugaises à Quercus robur et Quercus pyrenaica;;;;pp
291;Quercetea robori-petraeae;Hyperico montani-Quercion petraeae;Hyperico montani-Quercion petraeae;;;;;;4289;CORINE_biotopes;41.12;4289;41.12;Hêtraies atlantiques acidiphiles;;5537;G1.62;Hêtraies acidophiles atlantiques;;;;;;;;
293;Vaccinio-Piceetea;Betulion pubescentis;Betulion pubescentis;;16344;PVF1;74.0.2.0.1;Betulion pubescentis;;;;515;44;Forêts riveraines, forêts et fourrés très humides;;618;G3;Forêts de conifères;G1.5;;;;;;;91D0
294;Vaccinio-Piceetea;Seslerio caeruleae – Pinion uncinatae;Seslerio caeruleae – Pinion uncinatae;;;;;;9800;CORINE_biotopes;42.133;9800;42.133;Sapinières à Rhododendron;42.413|42.424|42.425;12271;G3.133;Sapinières à Rhododendron;G3.313|G3.324|G3.325;2845;9430;Forêts montagnardes et subalpines à Pinus uncinata (* si sur substrat gypseux ou calcaire);;;;pp
